{"cameraMode":{"drawMode":0,"name":"Shaded","section":"Shading Mode"},"sceneLighting":true,"audioPlay":false,"sceneViewState":{"showFog":true,"showMaterialUpdate":false,"showSkybox":true,"showFlares":true,"showImageEffects":true,"showParticleSystems":true},"in2DMode":false,"pivot":{"x":44.677703857421878,"y":1.315145492553711,"z":138.19308471679688},"rotation":{"x":0.044348157942295077,"y":-0.04044753313064575,"z":0.0017883414402604104,"w":0.9982149004936218},"size":94.22974395751953,"orthographic":false}