{"cameraMode":{"drawMode":0,"name":"Shaded","section":"Shading Mode"},"sceneLighting":false,"audioPlay":false,"sceneViewState":{"showFog":true,"showMaterialUpdate":false,"showSkybox":false,"showFlares":true,"showImageEffects":true,"showParticleSystems":true},"in2DMode":false,"pivot":{"x":1.3079833984375,"y":0.3807373046875,"z":0.2890625},"rotation":{"x":0.043899182230234149,"y":-0.8812395334243774,"z":0.08352605253458023,"w":0.46315842866897585},"size":2.4137399196624758,"orthographic":true}